"","X","BO21_tempmean_bdmax","BO21_tempmean_ss","BO22_chlomean_ss","BO22_salinitymean_bdmax","BO22_salinitymean_ss","pa"
"1",1,6.340691,8.645049,0.875503,32.649109,29.231137,1
"2",2,NA,NA,NA,NA,NA,1
"3",3,7.643984,8.581234,0.883652,31.374762,29.213022,1
"4",4,NA,NA,NA,NA,NA,1
"5",5,NA,NA,NA,NA,NA,1
"6",6,NA,NA,NA,NA,NA,1
"7",7,NA,NA,NA,NA,NA,1
"8",8,NA,NA,NA,NA,NA,1
"9",9,NA,NA,NA,NA,NA,1
"10",10,NA,NA,NA,NA,NA,1
"11",11,NA,NA,NA,NA,NA,1
"12",12,NA,NA,NA,NA,NA,1
"13",13,NA,NA,NA,NA,NA,1
"14",14,NA,NA,NA,NA,NA,1
"15",15,NA,NA,NA,NA,NA,1
"16",16,NA,NA,NA,NA,NA,1
"17",17,NA,NA,NA,NA,NA,1
"18",18,NA,NA,NA,NA,NA,1
"19",19,NA,NA,NA,NA,NA,1
"20",20,NA,NA,NA,NA,NA,1
"21",21,NA,NA,NA,NA,NA,1
"22",22,6.340691,8.645049,0.875503,32.649109,29.231137,1
"23",23,NA,NA,NA,NA,NA,1
"24",24,NA,NA,NA,NA,NA,1
"25",25,NA,NA,NA,NA,NA,1
"26",26,NA,NA,NA,NA,NA,1
"27",27,NA,NA,NA,NA,NA,1
"28",28,NA,NA,NA,NA,NA,1
"29",29,NA,NA,NA,NA,NA,1
"30",30,NA,NA,NA,NA,NA,1
"31",31,NA,NA,NA,NA,NA,1
"32",32,NA,NA,NA,NA,NA,1
"33",33,NA,NA,NA,NA,NA,1
"34",34,NA,NA,NA,NA,NA,1
"35",35,NA,NA,NA,NA,NA,1
"36",36,NA,NA,NA,NA,NA,1
"37",37,NA,NA,NA,NA,NA,1
"38",38,NA,NA,NA,NA,NA,1
"39",39,NA,NA,NA,NA,NA,1
"40",40,NA,NA,NA,NA,NA,1
"41",41,NA,NA,NA,NA,NA,1
"42",42,NA,NA,NA,NA,NA,1
"43",43,7.643984,8.581234,0.883652,31.374762,29.213022,1
"44",44,NA,NA,NA,NA,NA,1
"45",45,NA,NA,NA,NA,NA,1
"46",46,NA,NA,NA,NA,NA,1
"47",47,NA,NA,NA,NA,NA,1
"48",48,NA,NA,NA,NA,NA,1
"49",49,NA,NA,NA,NA,NA,1
"50",50,NA,NA,NA,NA,NA,1
"51",51,NA,NA,NA,NA,NA,1
"52",52,NA,NA,NA,NA,NA,1
"53",53,NA,NA,NA,NA,NA,1
"54",54,NA,NA,NA,NA,NA,1
"55",55,NA,NA,NA,NA,NA,1
"56",56,NA,NA,NA,NA,NA,1
"57",57,7.629025,11.265289,0.982404,32.16518,31.45973,1
"58",58,NA,NA,NA,NA,NA,1
"59",59,NA,NA,NA,NA,NA,1
"60",60,NA,NA,NA,NA,NA,1
"61",61,NA,NA,NA,NA,NA,1
"62",62,NA,NA,NA,NA,NA,1
"63",63,NA,NA,NA,NA,NA,1
"64",64,NA,NA,NA,NA,NA,1
"65",65,NA,NA,NA,NA,NA,1
"66",66,NA,NA,NA,NA,NA,1
"67",67,NA,NA,NA,NA,NA,1
"68",68,NA,NA,NA,NA,NA,1
"69",69,NA,NA,NA,NA,NA,1
"70",70,NA,NA,NA,NA,NA,1
"71",71,NA,NA,NA,NA,NA,1
"72",72,6.340691,8.645049,0.875503,32.649109,29.231137,1
"73",73,NA,NA,NA,NA,NA,1
"74",74,NA,NA,NA,NA,NA,1
"75",75,NA,NA,NA,NA,NA,1
"76",76,NA,NA,NA,NA,NA,1
"77",77,NA,NA,NA,NA,NA,1
"78",78,NA,NA,NA,NA,NA,1
"79",79,NA,NA,NA,NA,NA,1
"80",80,6.340691,8.645049,0.875503,32.649109,29.231137,1
"81",81,NA,NA,NA,NA,NA,1
"82",82,NA,NA,NA,NA,NA,1
"83",83,6.340691,8.645049,0.875503,32.649109,29.231137,1
"84",84,NA,NA,NA,NA,NA,1
"85",85,NA,NA,NA,NA,NA,1
"86",86,NA,NA,NA,NA,NA,1
"87",87,NA,NA,NA,NA,NA,1
"88",88,NA,NA,NA,NA,NA,1
"89",89,NA,NA,NA,NA,NA,1
"90",90,NA,NA,NA,NA,NA,1
"91",91,NA,NA,NA,NA,NA,1
"92",92,NA,NA,NA,NA,NA,1
"93",93,6.340691,8.645049,0.875503,32.649109,29.231137,1
"94",94,6.340691,8.645049,0.875503,32.649109,29.231137,1
"95",95,NA,NA,NA,NA,NA,1
"96",96,NA,NA,NA,NA,NA,1
"97",97,NA,NA,NA,NA,NA,1
"98",98,NA,NA,NA,NA,NA,1
"99",99,NA,NA,NA,NA,NA,1
"100",100,NA,NA,NA,NA,NA,1
"101",101,NA,NA,NA,NA,NA,1
"102",102,NA,NA,NA,NA,NA,1
"103",103,NA,NA,NA,NA,NA,1
"104",104,NA,NA,NA,NA,NA,1
"105",105,NA,NA,NA,NA,NA,1
"106",106,NA,NA,NA,NA,NA,1
"107",107,NA,NA,NA,NA,NA,1
"108",108,NA,NA,NA,NA,NA,1
"109",109,NA,NA,NA,NA,NA,1
"110",110,NA,NA,NA,NA,NA,1
"111",111,NA,NA,NA,NA,NA,1
"112",112,6.340691,8.645049,0.875503,32.649109,29.231137,1
"113",113,NA,NA,NA,NA,NA,1
"114",114,NA,NA,NA,NA,NA,1
"115",115,NA,NA,NA,NA,NA,1
"116",116,NA,NA,NA,NA,NA,1
"117",117,NA,NA,NA,NA,NA,1
"118",118,NA,NA,NA,NA,NA,1
"119",119,NA,NA,NA,NA,NA,1
"120",120,NA,NA,NA,NA,NA,1
"121",121,NA,NA,NA,NA,NA,1
"122",122,NA,NA,NA,NA,NA,1
"123",123,NA,NA,NA,NA,NA,1
"124",124,NA,NA,NA,NA,NA,1
"125",125,NA,NA,NA,NA,NA,1
"126",126,NA,NA,NA,NA,NA,1
"127",127,NA,NA,NA,NA,NA,1
"128",128,NA,NA,NA,NA,NA,1
"129",129,NA,NA,NA,NA,NA,1
"130",130,NA,NA,NA,NA,NA,1
"131",131,NA,NA,NA,NA,NA,1
"132",132,NA,NA,NA,NA,NA,1
"133",133,NA,NA,NA,NA,NA,1
"134",134,6.340691,8.645049,0.875503,32.649109,29.231137,1
"135",135,NA,NA,NA,NA,NA,1
"136",136,NA,NA,NA,NA,NA,1
"137",137,NA,NA,NA,NA,NA,1
"138",138,NA,NA,NA,NA,NA,1
"139",139,NA,NA,NA,NA,NA,1
"140",140,NA,NA,NA,NA,NA,1
"141",141,NA,NA,NA,NA,NA,1
"142",142,NA,NA,NA,NA,NA,1
"143",143,NA,NA,NA,NA,NA,1
"144",144,NA,NA,NA,NA,NA,1
"145",145,NA,NA,NA,NA,NA,1
"146",146,NA,NA,NA,NA,NA,1
"147",147,NA,NA,NA,NA,NA,1
"148",148,NA,NA,NA,NA,NA,1
"149",149,NA,NA,NA,NA,NA,1
"150",150,NA,NA,NA,NA,NA,1
"151",151,7.629025,11.265289,0.982404,32.16518,31.45973,1
"152",152,NA,NA,NA,NA,NA,1
"153",153,NA,NA,NA,NA,NA,1
"154",154,NA,NA,NA,NA,NA,1
"155",155,NA,NA,NA,NA,NA,1
"156",156,NA,NA,NA,NA,NA,1
"157",157,NA,NA,NA,NA,NA,1
"158",158,NA,NA,NA,NA,NA,1
"159",159,NA,NA,NA,NA,NA,1
"160",160,NA,NA,NA,NA,NA,1
"161",161,NA,NA,NA,NA,NA,1
"162",162,6.340691,8.645049,0.875503,32.649109,29.231137,1
"163",163,NA,NA,NA,NA,NA,1
"164",164,6.340691,8.645049,0.875503,32.649109,29.231137,1
"165",165,NA,NA,NA,NA,NA,1
"166",166,NA,NA,NA,NA,NA,1
"167",167,NA,NA,NA,NA,NA,1
"168",168,NA,NA,NA,NA,NA,1
"169",169,10.715819,11.193261,1.005048,32.043068,31.458573,1
"170",170,NA,NA,NA,NA,NA,1
"171",171,NA,NA,NA,NA,NA,1
"172",172,NA,NA,NA,NA,NA,1
"173",173,NA,NA,NA,NA,NA,1
"174",174,NA,NA,NA,NA,NA,1
"175",175,NA,NA,NA,NA,NA,1
"176",176,NA,NA,NA,NA,NA,1
"177",177,7.643984,8.581234,0.883652,31.374762,29.213022,1
"178",178,NA,NA,NA,NA,NA,1
"179",179,NA,NA,NA,NA,NA,1
"180",180,NA,NA,NA,NA,NA,1
"181",181,NA,NA,NA,NA,NA,1
"182",182,NA,NA,NA,NA,NA,1
"183",183,NA,NA,NA,NA,NA,1
"184",184,NA,NA,NA,NA,NA,1
"185",185,NA,NA,NA,NA,NA,1
"186",186,NA,NA,NA,NA,NA,1
"187",187,NA,NA,NA,NA,NA,1
"188",188,NA,NA,NA,NA,NA,1
"189",189,NA,NA,NA,NA,NA,1
"190",190,NA,NA,NA,NA,NA,1
"191",191,NA,NA,NA,NA,NA,1
"192",192,NA,NA,NA,NA,NA,1
"193",193,NA,NA,NA,NA,NA,1
"194",194,NA,NA,NA,NA,NA,1
"195",195,NA,NA,NA,NA,NA,1
"196",196,NA,NA,NA,NA,NA,1
"197",197,NA,NA,NA,NA,NA,1
"198",198,NA,NA,NA,NA,NA,1
"199",199,NA,NA,NA,NA,NA,1
"200",200,NA,NA,NA,NA,NA,1
"201",201,NA,NA,NA,NA,NA,1
"202",202,NA,NA,NA,NA,NA,1
"203",203,NA,NA,NA,NA,NA,1
"204",204,NA,NA,NA,NA,NA,1
"205",205,NA,NA,NA,NA,NA,1
"206",206,NA,NA,NA,NA,NA,1
"207",207,NA,NA,NA,NA,NA,1
"208",208,NA,NA,NA,NA,NA,1
"209",209,NA,NA,NA,NA,NA,1
"210",210,NA,NA,NA,NA,NA,1
"211",211,NA,NA,NA,NA,NA,1
"212",212,NA,NA,NA,NA,NA,1
"213",213,6.340691,8.645049,0.875503,32.649109,29.231137,1
"214",214,NA,NA,NA,NA,NA,1
"215",215,NA,NA,NA,NA,NA,1
"216",216,NA,NA,NA,NA,NA,1
"217",217,NA,NA,NA,NA,NA,1
"218",218,NA,NA,NA,NA,NA,1
"219",219,NA,NA,NA,NA,NA,1
"220",220,NA,NA,NA,NA,NA,1
"221",221,NA,NA,NA,NA,NA,1
"222",222,NA,NA,NA,NA,NA,1
"223",223,NA,NA,NA,NA,NA,1
"224",224,NA,NA,NA,NA,NA,1
"225",225,NA,NA,NA,NA,NA,1
"226",226,NA,NA,NA,NA,NA,1
"227",227,NA,NA,NA,NA,NA,1
"228",228,NA,NA,NA,NA,NA,1
"229",229,NA,NA,NA,NA,NA,1
"230",230,6.340691,8.645049,0.875503,32.649109,29.231137,1
"231",231,NA,NA,NA,NA,NA,1
"232",232,NA,NA,NA,NA,NA,1
"233",233,6.340691,8.645049,0.875503,32.649109,29.231137,1
"234",234,NA,NA,NA,NA,NA,1
"235",235,8.941594,10.527264,0.832252,32.144138,30.920504,1
"236",236,NA,NA,NA,NA,NA,1
"237",237,7.629025,11.265289,0.982404,32.16518,31.45973,1
"238",238,NA,NA,NA,NA,NA,1
"239",239,NA,NA,NA,NA,NA,1
"240",240,NA,NA,NA,NA,NA,1
"241",241,NA,NA,NA,NA,NA,1
"242",242,NA,NA,NA,NA,NA,1
"243",243,NA,NA,NA,NA,NA,1
"244",244,NA,NA,NA,NA,NA,1
"245",245,NA,NA,NA,NA,NA,1
"246",246,NA,NA,NA,NA,NA,1
"247",247,NA,NA,NA,NA,NA,1
"248",248,NA,NA,NA,NA,NA,1
"249",249,7.643984,8.581234,0.883652,31.374762,29.213022,1
"250",250,NA,NA,NA,NA,NA,1
"251",251,NA,NA,NA,NA,NA,1
"252",252,NA,NA,NA,NA,NA,1
"253",253,NA,NA,NA,NA,NA,1
"254",254,NA,NA,NA,NA,NA,1
"255",255,NA,NA,NA,NA,NA,1
"256",256,NA,NA,NA,NA,NA,1
"257",257,NA,NA,NA,NA,NA,1
"258",258,NA,NA,NA,NA,NA,1
"259",259,NA,NA,NA,NA,NA,1
"260",260,NA,NA,NA,NA,NA,1
"261",261,NA,NA,NA,NA,NA,1
"262",262,NA,NA,NA,NA,NA,1
"263",263,NA,NA,NA,NA,NA,1
"264",264,NA,NA,NA,NA,NA,1
"265",265,NA,NA,NA,NA,NA,1
"266",266,NA,NA,NA,NA,NA,1
"267",267,7.643984,8.581234,0.883652,31.374762,29.213022,1
"268",268,NA,NA,NA,NA,NA,1
"269",269,NA,NA,NA,NA,NA,1
"270",270,NA,NA,NA,NA,NA,1
"271",271,8.266778,10.410165,0.945691,32.158512,30.549959,1
"272",272,7.643984,8.581234,0.883652,31.374762,29.213022,1
"273",273,NA,NA,NA,NA,NA,1
"274",274,NA,NA,NA,NA,NA,1
"275",275,7.643984,8.581234,0.883652,31.374762,29.213022,1
"276",276,NA,NA,NA,NA,NA,1
"277",277,NA,NA,NA,NA,NA,1
"278",278,NA,NA,NA,NA,NA,1
"279",279,NA,NA,NA,NA,NA,1
"280",280,NA,NA,NA,NA,NA,1
"281",281,NA,NA,NA,NA,NA,1
"282",282,NA,NA,NA,NA,NA,1
"283",283,NA,NA,NA,NA,NA,1
"284",284,NA,NA,NA,NA,NA,1
"285",285,NA,NA,NA,NA,NA,1
"286",286,NA,NA,NA,NA,NA,1
"287",287,NA,NA,NA,NA,NA,1
"288",288,NA,NA,NA,NA,NA,1
"289",289,NA,NA,NA,NA,NA,1
"290",290,NA,NA,NA,NA,NA,1
"291",291,NA,NA,NA,NA,NA,1
"292",292,NA,NA,NA,NA,NA,1
"293",293,NA,NA,NA,NA,NA,1
"294",294,NA,NA,NA,NA,NA,1
"295",295,NA,NA,NA,NA,NA,1
"296",296,NA,NA,NA,NA,NA,1
"297",297,NA,NA,NA,NA,NA,1
"298",298,NA,NA,NA,NA,NA,1
"299",299,NA,NA,NA,NA,NA,1
"300",300,NA,NA,NA,NA,NA,1
"301",301,NA,NA,NA,NA,NA,1
"302",302,NA,NA,NA,NA,NA,1
"303",303,NA,NA,NA,NA,NA,1
"304",304,NA,NA,NA,NA,NA,1
"305",305,NA,NA,NA,NA,NA,1
"306",306,NA,NA,NA,NA,NA,1
"307",307,6.340691,8.645049,0.875503,32.649109,29.231137,1
"308",308,NA,NA,NA,NA,NA,1
"309",309,NA,NA,NA,NA,NA,1
"310",310,NA,NA,NA,NA,NA,1
"311",311,NA,NA,NA,NA,NA,1
"312",312,NA,NA,NA,NA,NA,1
"313",313,6.340691,8.645049,0.875503,32.649109,29.231137,1
"314",314,6.340691,8.645049,0.875503,32.649109,29.231137,1
"315",315,NA,NA,NA,NA,NA,1
"316",316,NA,NA,NA,NA,NA,1
"317",317,NA,NA,NA,NA,NA,1
"318",318,NA,NA,NA,NA,NA,1
"319",319,NA,NA,NA,NA,NA,1
"320",320,NA,NA,NA,NA,NA,1
"321",321,NA,NA,NA,NA,NA,1
"322",322,NA,NA,NA,NA,NA,1
"323",323,NA,NA,NA,NA,NA,1
"324",324,NA,NA,NA,NA,NA,1
"325",325,7.579661,11.496655,0.727569,32.45097,31.454872,1
"326",326,NA,NA,NA,NA,NA,1
"327",327,6.340691,8.645049,0.875503,32.649109,29.231137,1
"328",328,6.340691,8.645049,0.875503,32.649109,29.231137,1
"329",329,NA,NA,NA,NA,NA,1
"330",330,NA,NA,NA,NA,NA,1
"331",331,6.340691,8.645049,0.875503,32.649109,29.231137,1
"332",332,NA,NA,NA,NA,NA,1
"333",333,NA,NA,NA,NA,NA,1
"334",334,NA,NA,NA,NA,NA,1
"335",335,NA,NA,NA,NA,NA,1
"336",336,NA,NA,NA,NA,NA,1
"337",337,NA,NA,NA,NA,NA,1
"338",338,NA,NA,NA,NA,NA,1
"339",339,NA,NA,NA,NA,NA,1
"340",340,NA,NA,NA,NA,NA,1
"341",341,NA,NA,NA,NA,NA,1
"342",342,NA,NA,NA,NA,NA,1
"343",343,NA,NA,NA,NA,NA,1
"344",344,NA,NA,NA,NA,NA,1
"345",345,NA,NA,NA,NA,NA,1
"346",346,NA,NA,NA,NA,NA,1
"347",347,NA,NA,NA,NA,NA,1
"348",348,NA,NA,NA,NA,NA,1
"349",349,NA,NA,NA,NA,NA,1
"350",350,NA,NA,NA,NA,NA,1
"351",351,NA,NA,NA,NA,NA,1
"352",352,NA,NA,NA,NA,NA,1
"353",353,NA,NA,NA,NA,NA,1
"354",354,NA,NA,NA,NA,NA,1
"355",355,NA,NA,NA,NA,NA,1
"356",356,7.934695,10.390265,0.99892,32.200909,30.440996,1
"357",357,NA,NA,NA,NA,NA,1
"358",358,NA,NA,NA,NA,NA,1
"359",359,NA,NA,NA,NA,NA,1
"360",360,NA,NA,NA,NA,NA,1
"361",361,NA,NA,NA,NA,NA,1
"362",362,NA,NA,NA,NA,NA,1
"363",363,NA,NA,NA,NA,NA,1
"364",364,NA,NA,NA,NA,NA,1
"365",365,6.340691,8.645049,0.875503,32.649109,29.231137,1
"366",366,NA,NA,NA,NA,NA,1
"367",367,7.629025,11.265289,0.982404,32.16518,31.45973,1
"368",368,NA,NA,NA,NA,NA,1
"369",369,NA,NA,NA,NA,NA,1
"370",370,NA,NA,NA,NA,NA,1
"371",371,NA,NA,NA,NA,NA,1
"372",372,NA,NA,NA,NA,NA,1
"373",373,NA,NA,NA,NA,NA,1
"374",374,6.340691,8.645049,0.875503,32.649109,29.231137,1
"375",375,NA,NA,NA,NA,NA,1
"376",376,NA,NA,NA,NA,NA,1
"377",377,NA,NA,NA,NA,NA,1
"378",378,NA,NA,NA,NA,NA,1
"379",379,NA,NA,NA,NA,NA,1
"380",380,NA,NA,NA,NA,NA,1
"381",381,NA,NA,NA,NA,NA,1
"382",382,7.828217,11.043438,0.859147,32.16264,31.474333,1
"383",383,NA,NA,NA,NA,NA,1
"384",384,NA,NA,NA,NA,NA,1
"385",385,NA,NA,NA,NA,NA,1
"386",386,NA,NA,NA,NA,NA,1
"387",387,NA,NA,NA,NA,NA,1
"388",388,NA,NA,NA,NA,NA,1
"389",389,NA,NA,NA,NA,NA,1
"390",390,NA,NA,NA,NA,NA,1
"391",391,NA,NA,NA,NA,NA,1
"392",392,NA,NA,NA,NA,NA,1
"393",393,NA,NA,NA,NA,NA,1
"394",394,6.340691,8.645049,0.875503,32.649109,29.231137,1
"395",395,NA,NA,NA,NA,NA,1
"396",396,NA,NA,NA,NA,NA,1
"397",397,NA,NA,NA,NA,NA,1
"398",398,NA,NA,NA,NA,NA,1
"399",399,NA,NA,NA,NA,NA,1
"400",400,NA,NA,NA,NA,NA,1
"401",401,6.340691,8.645049,0.875503,32.649109,29.231137,1
"402",402,NA,NA,NA,NA,NA,1
"403",403,NA,NA,NA,NA,NA,1
"404",404,NA,NA,NA,NA,NA,1
"405",405,NA,NA,NA,NA,NA,1
"406",406,NA,NA,NA,NA,NA,1
"407",407,NA,NA,NA,NA,NA,1
"408",408,NA,NA,NA,NA,NA,1
"409",409,NA,NA,NA,NA,NA,1
"410",410,NA,NA,NA,NA,NA,1
"411",411,6.340691,8.645049,0.875503,32.649109,29.231137,1
"412",412,6.340691,8.645049,0.875503,32.649109,29.231137,1
"413",413,6.340691,8.645049,0.875503,32.649109,29.231137,1
"414",414,NA,NA,NA,NA,NA,1
"415",415,NA,NA,NA,NA,NA,1
"416",416,NA,NA,NA,NA,NA,1
"417",417,NA,NA,NA,NA,NA,1
"418",418,NA,NA,NA,NA,NA,1
"419",419,NA,NA,NA,NA,NA,1
"420",420,NA,NA,NA,NA,NA,1
"421",421,NA,NA,NA,NA,NA,1
"422",422,NA,NA,NA,NA,NA,1
"423",423,NA,NA,NA,NA,NA,1
"424",424,NA,NA,NA,NA,NA,1
"425",425,NA,NA,NA,NA,NA,1
"426",426,NA,NA,NA,NA,NA,1
"427",427,NA,NA,NA,NA,NA,1
"428",428,NA,NA,NA,NA,NA,1
"429",429,NA,NA,NA,NA,NA,1
"430",430,NA,NA,NA,NA,NA,1
"431",431,NA,NA,NA,NA,NA,1
"432",432,NA,NA,NA,NA,NA,1
"433",433,NA,NA,NA,NA,NA,1
"434",434,NA,NA,NA,NA,NA,1
"435",435,NA,NA,NA,NA,NA,1
"436",436,NA,NA,NA,NA,NA,1
"437",437,6.340691,8.645049,0.875503,32.649109,29.231137,1
"438",438,NA,NA,NA,NA,NA,1
"439",439,NA,NA,NA,NA,NA,1
"440",440,NA,NA,NA,NA,NA,1
"441",441,NA,NA,NA,NA,NA,1
"442",442,NA,NA,NA,NA,NA,1
"443",443,6.340691,8.645049,0.875503,32.649109,29.231137,1
"444",444,NA,NA,NA,NA,NA,1
"445",445,NA,NA,NA,NA,NA,1
"446",446,7.065152,10.790968,0.737411,32.405434,31.342628,1
"447",447,NA,NA,NA,NA,NA,1
"448",448,NA,NA,NA,NA,NA,1
"449",449,NA,NA,NA,NA,NA,1
"450",450,6.340691,8.645049,0.875503,32.649109,29.231137,1
"451",451,NA,NA,NA,NA,NA,1
"452",452,NA,NA,NA,NA,NA,1
"453",453,NA,NA,NA,NA,NA,1
"454",454,NA,NA,NA,NA,NA,1
"455",455,NA,NA,NA,NA,NA,1
"456",456,NA,NA,NA,NA,NA,1
"457",457,NA,NA,NA,NA,NA,1
"458",458,NA,NA,NA,NA,NA,1
"459",459,NA,NA,NA,NA,NA,1
"460",460,NA,NA,NA,NA,NA,1
"461",461,8.408054,8.451162,1.294664,31.799219,30.193857,0
"462",462,6.642415,8.452697,1.310199,32.668194,30.076541,0
"463",463,6.646921,8.457728,1.334337,32.346096,30.072259,0
"464",464,9.84325,8.479806,1.318913,33.650246,30.087677,0
"465",465,7.838807,8.646402,1.236938,33.315578,29.887862,0
"466",466,8.458785,8.690205,1.093562,33.321968,29.484508,0
"467",467,7.698462,8.5832,0.989333,33.339592,29.220136,0
"468",468,6.735221,8.467665,0.917106,33.423157,29.047439,0
"469",469,5.889175,8.215553,0.874092,32.193607,28.82031,0
"470",470,5.889175,8.215553,0.874092,32.193607,28.82031,0
"471",471,6.330499,8.456971,1.280386,32.359314,30.205078,0
"472",472,8.465019,8.432835,1.264082,33.306606,30.201408,0
"473",473,9.867126,8.54522,1.228869,34.027958,30.18809,0
"474",474,9.405492,8.74004,1.047348,33.701107,29.688772,0
"475",475,6.32685,8.420805,0.895508,32.659225,29.048134,0
"476",476,9.859341,8.582991,1.193974,34.026211,30.443973,0
"477",477,10.128676,8.647546,1.138475,34.039837,30.312243,0
"478",478,9.847308,8.754195,0.955304,33.707729,29.814577,0
"479",479,8.459176,8.699719,0.901658,33.339405,29.343922,0
"480",480,8.459176,8.699719,0.901658,33.339405,29.343922,0
"481",481,6.812159,8.590178,0.902172,32.650753,29.218972,0
"482",482,6.812159,8.590178,0.902172,32.650753,29.218972,0
"483",483,6.161381,8.451119,0.889526,32.230682,29.054447,0
"484",484,8.445585,8.565322,1.088901,31.89468,30.986709,0
"485",485,8.585931,8.541933,1.13692,31.754496,30.8248,0
"486",486,8.585931,8.541933,1.13692,31.754496,30.8248,0
"487",487,7.853801,8.535112,1.18726,33.303322,30.681147,0
"488",488,9.852138,8.77301,0.910664,33.695759,30.001523,0
"489",489,9.852138,8.77301,0.910664,33.695759,30.001523,0
"490",490,7.068184,8.741868,0.830368,33.34824,29.352235,0
"491",491,6.825718,8.671733,0.87601,32.650749,29.379116,0
"492",492,6.516642,8.549767,1.012969,32.456181,31.206425,0
"493",493,6.469509,8.579277,1.07078,32.705589,31.183992,0
"494",494,7.341158,8.550924,1.143436,33.300205,31.035215,0
"495",495,10.798035,8.747818,0.928157,34.516823,30.459054,0
"496",496,10.13315,8.798096,0.883096,34.075405,30.11801,0
"497",497,6.192188,8.757834,0.847225,32.253529,29.430776,0
"498",498,6.192188,8.757834,0.847225,32.253529,29.430776,0
"499",499,8.796183,8.634037,0.954486,33.302517,31.23844,0
"500",500,10.835198,8.727827,0.857607,34.496094,30.656272,0
"501",501,10.154176,8.789052,0.80401,34.077412,30.144787,0
"502",502,7.060773,8.793869,0.791618,33.342289,30.050728,0
"503",503,7.060773,8.793869,0.791618,33.342289,30.050728,0
"504",504,6.971178,8.775494,0.829727,31.704199,29.857422,0
"505",505,8.349109,9.061598,0.997556,32.199955,31.141861,0
"506",506,8.349109,9.061598,0.997556,32.199955,31.141861,0
"507",507,8.010521,9.048288,0.999866,32.187668,31.141242,0
"508",508,9.05948,8.89375,0.997485,32.000191,31.177552,0
"509",509,7.304304,8.737209,0.92717,32.267231,31.247192,0
"510",510,6.582738,8.710263,0.915725,32.592659,31.263784,0
"511",511,6.582738,8.710263,0.915725,32.592659,31.263784,0
"512",512,8.482979,8.670529,0.832628,32.048706,31.371818,0
"513",513,6.406007,8.703403,0.878107,32.537746,31.370988,0
"514",514,8.809751,8.716851,0.905333,33.625229,31.337734,0
"515",515,8.624707,8.723687,0.937147,33.30164,31.290344,0
"516",516,9.801555,8.730803,0.925925,33.662624,31.059002,0
"517",517,10.532031,8.768361,0.790715,34.482983,30.686971,0
"518",518,10.532031,8.768361,0.790715,34.482983,30.686971,0
"519",519,10.507518,8.781336,0.791538,34.075397,30.320928,0
"520",520,6.861404,8.780253,0.786947,31.863451,30.122618,0
"521",521,7.225172,8.779456,0.788071,31.726337,30.104212,0
"522",522,5.229721,8.780713,0.457052,32.176693,30.432914,0
"523",523,7.321129,8.863634,1.006502,32.278805,31.179125,0
"524",524,7.321129,8.863634,1.006502,32.278805,31.179125,0
"525",525,6.453892,8.834951,0.999501,32.761082,31.245649,0
"526",526,6.403843,8.700975,0.86794,32.596664,31.329027,0
"527",527,6.403843,8.700975,0.86794,32.596664,31.329027,0
"528",528,6.574205,8.673971,0.828439,32.578384,31.37731,0
"529",529,6.402108,8.64329,0.821003,32.578316,31.383096,0
"530",530,6.402108,8.64329,0.821003,32.578316,31.383096,0
"531",531,6.508536,8.72903,0.834856,32.756527,31.386754,0
"532",532,6.508536,8.72903,0.834856,32.756527,31.386754,0
"533",533,6.886684,8.710789,0.833144,32.751549,31.400616,0
"534",534,9.85014,8.8001,0.804384,33.662514,31.304253,0
"535",535,8.522608,8.794539,0.436877,30.990717,30.485638,0
"536",536,6.526112,8.809455,0.443039,31.62355,30.45272,0
"537",537,4.987682,8.830603,0.450893,32.177204,30.44722,0
"538",538,6.837113,9.03339,1.018196,32.594982,31.106716,0
"539",539,6.836466,8.881358,1.014426,32.597118,31.16131,0
"540",540,6.836466,8.881358,1.014426,32.597118,31.16131,0
"541",541,6.457378,8.857593,0.990555,32.761093,31.21154,0
"542",542,7.781301,8.774664,0.934836,32.187164,31.287106,0
"543",543,6.334217,8.722675,0.870786,32.759388,31.37252,0
"544",544,6.334217,8.722675,0.870786,32.759388,31.37252,0
"545",545,6.352582,8.740003,0.824524,32.757835,31.41805,0
"546",546,9.996818,8.839965,0.791628,33.614986,31.44097,0
"547",547,10.415904,8.853251,0.77492,33.984066,31.484999,0
"548",548,10.67266,8.900027,0.738643,35.171307,31.448801,0
"549",549,10.493815,8.901657,0.726411,34.491726,31.466919,0
"550",550,9.862198,8.901617,0.748403,34.039356,31.420695,0
"551",551,9.862198,8.901617,0.748403,34.039356,31.420695,0
"552",552,6.375868,8.76249,0.687758,32.359749,30.779742,0
"553",553,7.50321,8.7649,0.689663,31.799372,30.532472,0
"554",554,8.344789,8.859585,0.432064,31.146389,30.498167,0
"555",555,7.158357,8.888697,0.433845,31.409779,30.498231,0
"556",556,7.158357,8.888697,0.433845,31.409779,30.498231,0
"557",557,6.322308,9.109919,0.980146,32.58548,31.154523,0
"558",558,6.320625,9.090428,0.995202,32.595024,31.130559,0
"559",559,8.732583,9.010884,1.005868,32.119198,31.175433,0
"560",560,8.732583,9.010884,1.005868,32.119198,31.175433,0
"561",561,8.301394,8.957701,0.983768,32.204884,31.226876,0
"562",562,6.828189,8.819337,0.84408,32.615299,31.364974,0
"563",563,7.625632,8.856393,0.771858,32.765976,31.451831,0
"564",564,10.472772,8.919743,0.706432,34.48708,31.484834,0
"565",565,10.490982,9.039083,0.662805,34.455078,31.52826,0
"566",566,10.490982,9.039083,0.662805,34.455078,31.52826,0
"567",567,10.441584,9.085033,0.617089,34.023476,31.506661,0
"568",568,10.520423,8.937238,0.628791,34.495907,31.308212,0
"569",569,10.520423,8.937238,0.628791,34.495907,31.308212,0
"570",570,6.618392,8.723363,0.652883,32.667549,30.925887,0
"571",571,8.15186,8.697411,0.662389,31.639788,30.841998,0
"572",572,8.731714,8.980205,0.408648,31.075413,30.522915,0
"573",573,8.079841,8.973149,0.423619,33.797913,30.493053,0
"574",574,7.484609,9.248,0.928953,33.103264,31.232345,0
"575",575,6.843496,9.119781,0.904972,32.733425,31.241378,0
"576",576,7.089284,8.995522,0.859876,32.304981,31.327833,0
"577",577,7.089284,8.995522,0.859876,32.304981,31.327833,0
"578",578,6.578596,8.851584,0.800769,32.624424,31.342417,0
"579",579,6.467054,8.901243,0.784384,32.769104,31.423369,0
"580",580,6.467054,8.901243,0.784384,32.769104,31.423369,0
"581",581,6.467054,8.901243,0.784384,32.769104,31.423369,0
"582",582,8.391743,8.749993,0.737189,33.245377,31.432506,0
"583",583,10.909586,9.13488,0.64002,35.177979,31.558454,0
"584",584,10.909586,9.13488,0.64002,35.177979,31.558454,0
"585",585,9.406647,8.793786,0.61476,33.705402,31.257004,0
"586",586,7.781503,8.751405,0.61445,33.334087,31.14334,0
"587",587,8.096533,9.026585,0.406369,33.797905,30.515679,0
"588",588,9.721414,9.622023,0.880888,31.981293,30.890994,0
"589",589,9.596204,9.520494,0.87912,31.983126,30.941258,0
"590",590,8.229262,9.292066,0.877127,32.214191,31.286642,0
"591",591,9.58912,9.290591,0.88676,33.378323,31.307827,0
"592",592,8.935286,9.270611,0.857664,33.114487,31.335785,0
"593",593,7.107442,9.186862,0.867287,32.310246,31.385936,0
"594",594,6.846603,9.133638,0.829204,32.752678,31.403434,0
"595",595,6.591064,9.117853,0.774495,32.615978,31.400497,0
"596",596,8.945288,9.013294,0.662421,33.244049,31.548206,0
"597",597,10.690187,9.248223,0.57878,35.182873,31.630534,0
"598",598,10.508086,9.145521,0.504146,34.049995,31.530083,0
"599",599,10.116842,9.047284,0.515546,34.068481,31.405363,0
"600",600,9.928793,8.826815,0.549627,33.70554,31.227177,0
"601",601,8.454719,8.735008,0.554535,33.350559,31.190564,0
"602",602,6.399549,8.661787,0.555992,32.416969,31.167776,0
"603",603,8.599177,9.029825,0.386252,31.104572,30.593559,0
"604",604,9.92198,9.985795,0.955791,31.955318,30.483084,0
"605",605,9.125789,9.793248,0.904917,32.067455,30.85579,0
"606",606,8.338533,9.69339,0.880582,32.191662,30.922379,0
"607",607,6.889559,9.554127,0.85217,32.565731,31.214112,0
"608",608,6.617963,9.389203,0.817925,32.581654,31.37706,0
"609",609,6.617963,9.389203,0.817925,32.581654,31.37706,0
"610",610,8.297122,9.261247,0.721012,33.156189,31.474334,0
"611",611,10.938798,9.509006,0.523949,34.487133,31.701212,0
"612",612,10.881825,9.537227,0.511271,34.487343,31.688557,0
"613",613,9.443797,8.931361,0.518956,33.718811,31.331159,0
"614",614,9.443797,8.931361,0.518956,33.718811,31.331159,0
"615",615,8.470804,8.57758,0.530031,31.68228,31.12014,0
"616",616,6.096458,9.08239,0.382111,32.953609,30.589941,0
"617",617,10.064133,10.154782,0.995837,31.921972,30.235899,0
"618",618,10.016481,10.068402,0.980908,31.940744,30.267952,0
"619",619,7.194163,9.88368,0.910184,32.258354,30.570827,0
"620",620,6.434262,9.801659,0.866491,32.539196,30.852438,0
"621",621,6.455788,9.696777,0.865905,32.718403,31.052132,0
"622",622,6.328436,9.445796,0.761696,32.595695,31.457204,0
"623",623,8.957442,9.297266,0.63471,33.167255,31.559668,0
"624",624,9.97896,9.297948,0.583248,33.832779,31.613786,0
"625",625,10.909817,9.612762,0.437508,34.491913,31.694969,0
"626",626,9.935038,9.018247,0.450468,33.719051,31.404341,0
"627",627,8.656902,8.794129,0.488114,33.359707,31.291319,0
"628",628,7.3468,8.726871,0.49715,33.368416,31.235108,0
"629",629,6.395242,8.586812,0.50487,32.726212,31.22097,0
"630",630,6.244152,8.593014,0.5094,32.463425,31.207692,0
"631",631,6.92328,9.106404,0.379572,33.834724,30.594393,0
"632",632,10.498887,9.142934,0.373011,34.68153,30.572203,0
"633",633,10.432112,9.157533,0.372086,34.681564,30.568747,0
"634",634,10.511033,9.186016,0.359078,34.681576,30.555133,0
"635",635,8.210273,10.233251,1.016427,32.168121,30.064765,0
"636",636,8.210273,10.233251,1.016427,32.168121,30.064765,0
"637",637,8.795263,10.222405,1.00272,32.175644,30.077884,0
"638",638,8.103518,9.956629,0.885488,33.017048,30.552876,0
"639",639,7.453937,9.786363,0.82929,33.053444,31.215886,0
"640",640,8.204598,9.65395,0.761299,33.080635,31.327199,0
"641",641,6.868012,9.499897,0.670482,32.745426,31.498688,0
"642",642,8.308702,9.493406,0.624286,33.134403,31.565474,0
"643",643,10.455044,9.470258,0.539323,34.409649,31.647147,0
"644",644,10.940537,9.737169,0.457398,35.182381,31.761629,0
"645",645,10.940212,9.764433,0.440749,35.183025,31.768822,0
"646",646,10.508769,9.609224,0.41451,34.492012,31.719308,0
"647",647,10.523845,9.337479,0.410446,34.443771,31.602586,0
"648",648,9.531758,8.83899,0.465152,33.73222,31.257612,0
"649",649,8.542096,8.544211,0.486203,31.525097,31.114566,0
"650",650,8.715024,9.051611,0.368552,31.242792,30.684688,0
"651",651,9.294188,9.114442,0.375187,34.477062,30.613823,0
"652",652,10.715366,9.168313,0.358892,34.739384,30.584723,0
"653",653,10.261222,10.408649,0.957047,31.887276,30.505371,0
"654",654,6.465728,10.272627,1.033393,32.456928,30.1079,0
"655",655,6.689192,10.267193,1.002905,32.468319,30.12725,0
"656",656,6.449544,10.168868,0.896587,32.693756,30.294492,0
"657",657,7.376384,10.130965,0.917199,32.698143,30.520526,0
"658",658,7.376384,10.130965,0.917199,32.698143,30.520526,0
"659",659,8.940279,9.956824,0.775897,33.050137,31.257158,0
"660",660,8.940279,9.956824,0.775897,33.050137,31.257158,0
"661",661,9.603078,9.852339,0.716509,33.352036,31.374275,0
"662",662,10.439437,9.665763,0.54678,33.796909,31.664425,0
"663",663,10.469945,9.676317,0.537333,34.356186,31.674028,0
"664",664,10.471416,9.686151,0.497428,34.401394,31.69664,0
"665",665,10.47478,9.75381,0.484883,34.456707,31.707158,0
"666",666,10.782624,9.882895,0.432717,35.183434,31.775332,0
"667",667,10.766691,9.942435,0.413298,35.182362,31.796715,0
"668",668,10.940909,9.885065,0.396102,34.487225,31.775793,0
"669",669,10.509592,9.603109,0.384851,34.492031,31.69462,0
"670",670,10.509592,9.603109,0.384851,34.492031,31.69462,0
"671",671,10.506762,9.399213,0.376368,34.100258,31.612305,0
"672",672,10.38906,9.256892,0.383503,34.100327,31.545151,0
"673",673,10.310225,9.201985,0.394339,34.100552,31.478663,0
"674",674,10.210929,8.89331,0.420027,34.114361,31.353697,0
"675",675,7.940233,8.717292,0.451972,33.388752,31.219027,0
"676",676,6.432943,8.611167,0.470898,32.788742,31.138174,0
"677",677,6.432943,8.611167,0.470898,32.788742,31.138174,0
"678",678,6.208411,8.556991,0.482804,32.49435,31.131917,0
"679",679,8.356612,8.547229,0.48546,31.680965,31.093896,0
"680",680,8.356612,8.547229,0.48546,31.680965,31.093896,0
"681",681,7.403054,9.000182,0.344274,31.642277,30.803258,0
"682",682,5.620999,9.071979,0.372973,32.338432,30.686229,0
"683",683,6.836448,9.102007,0.376923,33.86956,30.663949,0
"684",684,6.836448,9.102007,0.376923,33.86956,30.663949,0
"685",685,10.78024,9.182149,0.359131,34.785522,30.615379,0
"686",686,10.710308,9.218649,0.348759,35.218067,30.588347,0
"687",687,10.772043,9.282574,0.338205,35.210281,30.598002,0
"688",688,10.14805,10.222721,0.825503,33.547714,30.700045,0
"689",689,9.957231,10.208701,0.762747,33.594387,30.952585,0
"690",690,10.346305,10.061301,0.665408,34.257801,31.325519,0
"691",691,10.207136,9.803454,0.542949,33.713093,31.654137,0
"692",692,10.453634,9.803551,0.472868,34.356647,31.711295,0
"693",693,10.460255,9.876338,0.436418,34.460445,31.74902,0
"694",694,10.736978,10.028275,0.393,35.18335,31.816347,0
"695",695,10.766014,10.099994,0.383081,35.184597,31.810965,0
"696",696,10.934192,9.998289,0.371277,35.183044,31.786136,0
"697",697,10.934192,9.998289,0.371277,35.183044,31.786136,0
"698",698,10.517687,9.79723,0.368866,34.474277,31.756942,0
"699",699,10.539302,9.471594,0.369638,34.482754,31.632535,0
"700",700,10.215432,9.078615,0.396129,33.719219,31.44631,0
"701",701,10.215432,9.078615,0.396129,33.719219,31.44631,0
"702",702,7.628905,8.544085,0.459233,31.853777,31.074719,0
"703",703,7.618434,8.608364,0.452914,31.810696,31.067762,0
"704",704,5.99909,9.004499,0.340105,32.385342,30.73721,0
"705",705,5.99909,9.004499,0.340105,32.385342,30.73721,0
"706",706,5.540196,9.037153,0.341634,32.365475,30.73061,0
"707",707,10.805783,9.164084,0.348436,34.815521,30.632414,0
"708",708,10.567368,9.187,0.342469,34.808861,30.626452,0
"709",709,10.759704,9.227721,0.33302,35.218922,30.610825,0
"710",710,8.941594,10.527264,0.832252,32.144138,30.920504,0
"711",711,8.780327,10.457374,0.897982,32.981281,30.601132,0
"712",712,8.780327,10.457374,0.897982,32.981281,30.601132,0
"713",713,9.942826,10.424811,0.787986,33.269535,30.901645,0
"714",714,10.28093,10.245079,0.627383,33.594555,31.348831,0
"715",715,9.97547,10.005219,0.55158,33.363964,31.667715,0
"716",716,10.214278,9.928197,0.500676,33.729832,31.722834,0
"717",717,9.564065,10.091474,0.367853,35.125679,31.83113,0
"718",718,10.939027,10.074998,0.347303,35.184734,31.851225,0
"719",719,10.939027,10.074998,0.347303,35.184734,31.851225,0
"720",720,10.913278,9.625288,0.344921,34.496216,31.677895,0
"721",721,9.778571,8.923287,0.384327,33.779762,31.367591,0
"722",722,9.723255,8.736963,0.411407,33.813751,31.243477,0
"723",723,6.140235,8.575018,0.442719,32.489285,31.057255,0
"724",724,7.954666,8.913445,0.329324,31.544825,30.842654,0
"725",725,5.717227,8.974435,0.331883,32.397373,30.795842,0
"726",726,10.775907,9.205859,0.331263,34.842087,30.633243,0
"727",727,10.775907,9.205859,0.331263,34.842087,30.633243,0
"728",728,10.665904,9.234244,0.32932,34.809231,30.621823,0
"729",729,10.665904,9.234244,0.32932,34.809231,30.621823,0
"730",730,10.859487,9.242307,0.322507,35.218918,30.616753,0
"731",731,10.667331,9.348846,0.310367,35.218578,30.637677,0
"732",732,10.248698,10.644129,0.664404,33.531582,31.122372,0
"733",733,9.944457,10.62586,0.629246,33.273586,31.183463,0
"734",734,10.145708,10.625263,0.612032,33.542046,31.372137,0
"735",735,10.33257,10.597394,0.585293,34.257824,31.396459,0
"736",736,10.263799,10.545106,0.55763,33.569035,31.422717,0
"737",737,10.78471,10.23984,0.347044,35.192364,31.856863,0
"738",738,10.770332,10.220034,0.337798,35.188007,31.877189,0
"739",739,10.974091,10.213127,0.332245,35.183449,31.879198,0
"740",740,10.940763,9.672982,0.335984,35.180569,31.683456,0
"741",741,10.301213,9.048068,0.376,33.786373,31.374479,0
"742",742,9.232225,8.917791,0.385051,33.437084,31.292803,0
"743",743,6.958581,8.602493,0.428648,32.851112,31.112505,0
"744",744,6.675798,8.57554,0.426288,32.045811,31.072836,0
"745",745,6.425028,8.593118,0.432081,32.038158,31.05214,0
"746",746,6.644035,8.619871,0.417351,32.01968,31.031332,0
"747",747,8.44761,8.770336,0.361888,31.627857,30.955614,0
"748",748,6.438051,8.88242,0.330435,31.949005,30.842911,0
"749",749,6.509839,8.969888,0.32917,33.051941,30.794501,0
"750",750,10.167229,9.036711,0.324017,33.868015,30.764529,0
"751",751,10.751229,9.054331,0.328997,34.649998,30.749662,0
"752",752,11.026965,9.151278,0.327162,34.886547,30.696851,0
"753",753,6.025068,9.217269,0.317244,33.086105,30.667558,0
"754",754,6.647036,9.226945,0.314826,33.074554,30.657236,0
"755",755,9.069825,9.252137,0.311221,33.890289,30.637428,0
"756",756,6.380358,10.67613,0.708504,32.423206,31.305852,0
"757",757,10.308375,10.743322,0.695596,34.257637,31.211782,0
"758",758,10.307102,10.763141,0.685857,34.257584,31.227156,0
"759",759,10.319566,10.781054,0.598784,34.256138,31.382804,0
"760",760,10.316366,10.714346,0.534375,34.25769,31.585307,0
"761",761,10.316366,10.714346,0.534375,34.25769,31.585307,0
"762",762,9.970364,10.329084,0.43583,33.379425,31.760859,0
"763",763,10.456364,10.278324,0.354029,34.409542,31.852713,0
"764",764,10.474616,10.290586,0.359293,34.42952,31.856795,0
"765",765,10.373508,10.302383,0.317067,35.192543,31.90125,0
"766",766,10.769661,10.29488,0.314888,35.189732,31.886932,0
"767",767,10.782617,9.920711,0.31428,35.183022,31.785945,0
"768",768,10.752523,9.780278,0.311259,35.182056,31.726464,0
"769",769,7.648088,8.824369,0.375567,32.872738,31.266355,0
"770",770,6.96979,8.599846,0.3875,32.057152,31.034361,0
"771",771,6.96979,8.599846,0.3875,32.057152,31.034361,0
"772",772,6.590191,8.730107,0.355749,32.003357,30.906585,0
"773",773,6.076053,8.877651,0.330797,33.057999,30.840795,0
"774",774,11.621725,9.132281,0.319437,34.935596,30.727927,0
"775",775,6.847484,9.222063,0.313264,33.917324,30.685584,0
"776",776,9.363076,9.262608,0.305062,33.929012,30.667525,0
"777",777,10.995405,9.315448,0.296155,35.221313,30.657534,0
"778",778,8.801216,9.37238,0.28968,33.928078,30.669964,0
"779",779,8.801216,9.37238,0.28968,33.928078,30.669964,0
"780",780,6.832186,10.747664,0.726859,32.405407,31.342407,0
"781",781,7.272756,10.77722,0.698185,32.685902,31.342286,0
"782",782,7.931651,10.786093,0.693224,32.962196,31.352178,0
"783",783,10.288819,10.841259,0.640008,34.266212,31.367808,0
"784",784,10.356935,10.894584,0.508482,34.205769,31.5938,0
"785",785,10.305016,10.891651,0.497167,34.26651,31.594784,0
"786",786,10.475326,10.380572,0.321641,34.434067,31.895703,0
"787",787,11.076165,10.382248,0.313727,34.460579,31.893563,0
"788",788,10.733696,10.356597,0.296382,35.192421,31.929748,0
"789",789,10.536507,10.075621,0.302559,34.48727,31.842954,0
"790",790,10.569257,9.729584,0.314541,34.495907,31.676052,0
"791",791,10.594464,9.556833,0.320992,34.495834,31.632188,0
"792",792,10.612981,9.408281,0.325927,34.496399,31.561399,0
"793",793,10.016495,9.118499,0.349929,33.814648,31.369667,0
"794",794,6.329175,8.655784,0.356297,32.53997,30.984508,0
"795",795,6.24326,8.750143,0.35319,32.509861,30.943799,0
"796",796,6.411029,8.919922,0.325047,33.088478,30.848227,0
"797",797,11.623277,9.072132,0.311407,34.973381,30.770307,0
"798",798,11.209053,9.316653,0.288788,34.897629,30.698603,0
"799",799,11.066208,9.376134,0.282534,34.885796,30.685209,0
"800",800,9.899106,10.953561,0.652317,33.515785,31.457671,0
"801",801,10.228125,10.972582,0.617163,33.515858,31.492915,0
"802",802,10.229115,11.010644,0.593307,33.515877,31.430091,0
"803",803,10.354927,11.090388,0.464344,34.264545,31.71297,0
"804",804,10.38267,10.877722,0.417465,34.226021,31.805845,0
"805",805,10.359818,10.790527,0.395152,34.266224,31.839036,0
"806",806,10.374745,10.711876,0.391072,33.63176,31.84659,0
"807",807,11.350568,10.559572,0.342814,34.30677,31.887155,0
"808",808,10.47211,10.531192,0.312226,34.409843,31.912118,0
"809",809,10.47211,10.531192,0.312226,34.409843,31.912118,0
"810",810,10.784277,10.436721,0.286806,35.192516,31.950292,0
"811",811,10.539936,10.214398,0.286991,34.487286,31.890081,0
"812",812,10.539367,10.123651,0.293878,34.476192,31.852197,0
"813",813,10.610894,9.787249,0.303992,34.496513,31.676297,0
"814",814,10.610894,9.787249,0.303992,34.496513,31.676297,0
"815",815,10.605743,9.61947,0.308186,34.505711,31.634203,0
"816",816,10.605743,9.61947,0.308186,34.505711,31.634203,0
"817",817,7.853819,8.830354,0.35236,33.551407,31.146051,0
"818",818,7.864466,8.747748,0.347175,33.632484,31.076634,0
"819",819,7.15291,8.818627,0.331168,33.039185,30.925747,0
"820",820,7.098598,8.837299,0.326528,33.063084,30.890666,0
"821",821,7.098598,8.837299,0.326528,33.063084,30.890666,0
"822",822,7.599874,8.967179,0.316762,33.916576,30.848907,0
"823",823,11.772289,9.121225,0.307555,34.998348,30.780102,0
"824",824,11.443912,9.30267,0.292441,34.971386,30.724793,0
"825",825,11.346737,9.42882,0.282316,34.89941,30.726202,0
"826",826,11.150726,9.463253,0.277078,34.856831,30.744734,0
"827",827,6.565763,10.908991,0.768102,32.406322,31.445398,0
"828",828,10.116014,10.988354,0.677262,33.515526,31.483011,0
"829",829,10.218371,11.101357,0.577766,33.51582,31.519556,0
"830",830,10.218371,11.101357,0.577766,33.51582,31.519556,0
"831",831,10.135043,11.172044,0.415698,33.536114,31.786675,0
"832",832,10.48183,10.570791,0.283833,34.486858,31.972233,0
"833",833,10.522974,10.405789,0.278337,34.486919,31.936032,0
"834",834,10.533333,10.320872,0.278711,34.487373,31.914551,0
"835",835,10.554477,10.20647,0.284818,34.487484,31.854883,0
"836",836,10.563598,10.093765,0.286748,34.492126,31.810093,0
"837",837,10.621152,9.792782,0.298452,34.505722,31.665333,0
"838",838,9.675416,8.871357,0.341768,33.557686,31.223008,0
"839",839,9.889838,8.723175,0.337754,33.654381,31.085831,0
"840",840,8.439617,8.740561,0.329115,33.748661,30.981599,0
"841",841,8.439617,8.740561,0.329115,33.748661,30.981599,0
"842",842,7.58494,8.85988,0.311127,33.875214,30.896535,0
"843",843,11.980448,9.199198,0.295784,35.015083,30.779673,0
"844",844,11.803682,9.357103,0.287251,34.973972,30.767554,0
"845",845,11.258472,9.403971,0.281338,34.721985,30.757204,0
"846",846,11.258472,9.403971,0.281338,34.721985,30.757204,0
"847",847,7.98276,9.56816,0.267499,33.268467,30.793657,0
"848",848,7.98276,9.56816,0.267499,33.268467,30.793657,0
"849",849,7.887197,9.561926,0.263612,33.276489,30.788568,0
"850",850,7.152345,10.930572,0.784986,32.405945,31.478576,0
"851",851,7.152345,10.930572,0.784986,32.405945,31.478576,0
"852",852,6.73102,10.987026,0.788681,32.703552,31.479186,0
"853",853,10.215618,11.046309,0.663908,33.515785,31.534363,0
"854",854,10.282002,11.109491,0.605332,34.277027,31.551399,0
"855",855,10.115871,11.172669,0.5169,33.490314,31.619508,0
"856",856,10.223611,11.275324,0.407147,33.515903,31.78308,0
"857",857,10.238724,11.395237,0.382993,33.515938,31.858935,0
"858",858,10.383132,10.897676,0.337105,34.277328,31.925045,0
"859",859,10.434431,10.851704,0.331556,34.246872,31.946581,0
"860",860,11.346935,10.733912,0.307263,35.226627,31.972496,0
"861",861,11.346935,10.733912,0.307263,35.226627,31.972496,0
"862",862,10.479267,10.676139,0.290969,34.409916,31.995733,0
"863",863,10.481606,10.666512,0.28105,34.461327,31.988531,0
"864",864,10.485916,10.638797,0.27983,34.486897,32.005844,0
"865",865,10.496203,10.592442,0.280577,34.487057,32.010369,0
"866",866,10.526328,10.461371,0.276035,34.487244,31.99085,0
"867",867,10.782604,10.246342,0.278775,35.193245,31.865828,0
"868",868,10.653748,9.721607,0.297756,34.505852,31.646035,0
"869",869,10.653813,9.67414,0.302622,34.506577,31.578886,0
"870",870,10.682128,9.542882,0.307616,34.505909,31.530675,0
"871",871,10.549581,8.869941,0.320819,34.212315,31.076511,0
"872",872,11.991224,9.214748,0.295611,35.040833,30.809428,0
"873",873,12.004498,9.267533,0.290817,35.017807,30.821731,0
"874",874,11.362124,9.389077,0.284959,34.788223,30.821879,0
"875",875,10.68037,9.448297,0.284792,34.004333,30.821144,0
"876",876,11.067316,9.500748,0.277947,34.746395,30.834548,0
"877",877,11.361094,9.560346,0.276338,34.729637,30.837238,0
"878",878,9.171538,9.74231,0.260275,34.108849,30.88742,0
"879",879,6.899343,11.040784,0.799547,32.40715,31.487271,0
"880",880,7.821832,11.051216,0.797203,32.971096,31.487582,0
"881",881,10.102143,11.131392,0.686038,33.513348,31.531334,0
"882",882,10.102143,11.131392,0.686038,33.513348,31.531334,0
"883",883,10.288888,11.239091,0.526443,34.276733,31.640696,0
"884",884,11.262007,11.363381,0.426526,35.257526,31.748296,0
"885",885,10.333132,11.213358,0.340312,34.276932,31.946015,0
"886",886,10.470672,10.852395,0.290905,34.372334,32.017625,0
"887",887,10.481688,10.743646,0.278039,34.473213,32.0289,0
"888",888,10.529167,10.535531,0.273684,34.49181,32.000888,0
"889",889,10.997845,10.462934,0.273027,34.500065,31.976309,0
"890",890,10.997845,10.462934,0.273027,34.500065,31.976309,0
"891",891,10.997845,10.462934,0.273027,34.500065,31.976309,0
"892",892,10.782599,10.435336,0.271956,35.192554,31.950689,0
"893",893,10.416761,10.252748,0.276436,35.193256,31.881071,0
"894",894,10.416761,10.252748,0.276436,35.193256,31.881071,0
"895",895,10.699466,9.671664,0.304155,34.517838,31.543098,0
"896",896,10.878078,9.069452,0.326538,34.499672,31.196639,0
"897",897,12.122446,9.354303,0.293999,35.083385,30.855737,0
"898",898,8.726602,9.626686,0.285728,34.067398,30.89405,0
"899",899,8.726602,9.626686,0.285728,34.067398,30.89405,0
"900",900,11.480526,9.711952,0.282351,34.787182,30.890026,0
"901",901,11.169702,9.733082,0.277095,34.777493,30.923276,0
"902",902,11.147572,9.796664,0.271967,34.762108,30.908915,0
"903",903,7.277137,11.017948,0.814548,32.973728,31.510828,0
"904",904,9.5306,11.331812,0.529867,33.2603,31.657214,0
"905",905,11.74698,11.399555,0.4384,35.260551,31.729525,0
"906",906,11.74698,11.399555,0.4384,35.260551,31.729525,0
"907",907,10.993072,11.472948,0.422085,35.261353,31.766545,0
"908",908,11.700836,11.477244,0.383338,35.264175,31.835447,0
"909",909,10.370486,11.124198,0.312582,34.288643,31.989633,0
"910",910,10.496305,10.800742,0.281806,34.473511,32.052628,0
"911",911,10.963913,10.60453,0.276447,34.500069,32.019671,0
"912",912,10.782497,10.313289,0.277298,35.191944,31.887526,0
"913",913,10.769662,10.187074,0.283643,35.194328,31.82758,0
"914",914,10.983953,9.995479,0.288722,35.192822,31.710584,0
"915",915,10.972807,9.931932,0.297072,34.514019,31.693602,0
"916",916,10.838073,9.245903,0.323648,34.483444,31.324454,0
"917",917,10.833215,9.215897,0.323946,34.488285,31.28217,0
"918",918,10.918742,9.177377,0.328653,34.488411,31.267008,0
"919",919,11.115229,9.093484,0.32596,34.70734,31.156966,0
"920",920,12.142394,9.197701,0.314508,34.785431,30.989881,0
"921",921,12.089194,9.292188,0.304491,35.084042,30.945317,0
"922",922,12.310299,9.436616,0.300727,34.895508,30.927383,0
"923",923,8.380192,9.471369,0.30268,34.097637,30.927775,0
"924",924,8.380192,9.471369,0.30268,34.097637,30.927775,0
"925",925,11.275507,9.766039,0.287475,34.113045,30.967601,0
"926",926,11.48972,9.815448,0.283068,34.810989,30.963442,0
"927",927,6.464402,11.080056,0.86791,32.407501,31.5007,0
"928",928,9.502703,11.128654,0.805216,33.260967,31.50499,0
"929",929,9.502703,11.128654,0.805216,33.260967,31.50499,0
"930",930,9.503589,11.181849,0.777394,33.257999,31.540584,0
"931",931,9.873169,11.200288,0.672384,33.261154,31.579205,0
"932",932,8.814906,11.253591,0.641692,32.972694,31.621096,0
"933",933,9.516868,11.32732,0.565348,33.26083,31.648825,0
"934",934,10.102044,11.348035,0.493466,33.519882,31.685834,0
"935",935,10.287832,11.400129,0.473237,34.352749,31.741472,0
"936",936,11.006047,11.507192,0.387614,35.261681,31.857426,0
"937",937,10.240571,11.49684,0.332346,33.527527,31.960288,0
"938",938,10.370972,11.214654,0.305195,34.288467,32.02475,0
"939",939,11.5035,11.201335,0.29987,34.288826,32.044288,0
"940",940,11.59772,11.152393,0.299241,34.288658,32.049712,0
"941",941,11.571365,11.136777,0.297083,34.288834,32.045638,0
"942",942,10.477919,10.901709,0.291644,34.448223,32.071437,0
"943",943,10.517889,10.812685,0.286803,34.500126,32.082511,0
"944",944,10.547641,10.725084,0.280304,34.513504,32.054855,0
"945",945,10.547641,10.725084,0.280304,34.513504,32.054855,0
"946",946,10.795606,10.535905,0.275131,35.196804,31.98513,0
"947",947,10.795606,10.535905,0.275131,35.196804,31.98513,0
"948",948,10.996705,10.324963,0.278786,34.51392,31.878569,0
"949",949,10.782596,10.190072,0.286241,35.195248,31.786154,0
"950",950,10.950328,9.716333,0.312937,34.578289,31.5837,0
"951",951,10.833691,9.579633,0.31985,34.418781,31.487359,0
"952",952,8.828942,9.193472,0.329397,33.963772,31.1698,0
"953",953,11.713837,9.212594,0.326929,34.662251,31.149088,0
"954",954,12.252819,9.29456,0.324176,34.876862,31.072787,0
"955",955,12.43182,9.353927,0.32546,34.895344,31.022717,0
"956",956,12.040619,9.873275,0.297254,34.874664,31.058703,0
"957",957,9.193784,10.214117,0.29391,35.111774,31.105808,0
"958",958,6.767669,11.187302,0.841664,32.727871,31.512843,0
"959",959,10.289805,11.475889,0.439525,34.435059,31.757775,0
"960",960,10.289805,11.475889,0.439525,34.435059,31.757775,0
"961",961,11.80103,11.541206,0.41213,34.351467,31.788407,0
"962",962,10.990194,11.625123,0.35776,35.140308,31.902694,0
"963",963,10.990194,11.625123,0.35776,35.140308,31.902694,0
"964",964,10.993635,11.633295,0.351322,35.140316,31.935765,0
"965",965,10.318886,11.531507,0.317728,33.548473,32.016948,0
"966",966,10.318886,11.531507,0.317728,33.548473,32.016948,0
"967",967,10.318886,11.531507,0.317728,33.548473,32.016948,0
"968",968,10.264723,11.517039,0.315198,33.567596,32.037682,0
"969",969,10.412184,11.355944,0.30032,34.276722,32.065055,0
"970",970,10.447654,11.20537,0.296989,34.30172,32.092318,0
"971",971,10.458756,11.161271,0.296484,34.353603,32.108585,0
"972",972,10.458756,11.161271,0.296484,34.353603,32.108585,0
"973",973,10.458756,11.161271,0.296484,34.353603,32.108585,0
"974",974,10.543447,10.910808,0.288533,34.51347,32.090445,0
"975",975,10.606313,10.64422,0.28231,34.514023,32.00094,0
"976",976,10.796429,9.859672,0.327308,34.390312,31.591012,0
"977",977,10.791761,9.585426,0.341329,34.147366,31.474142,0
"978",978,9.068003,9.36872,0.35902,34.042114,31.234451,0
"979",979,8.897478,9.515891,0.349624,34.189556,31.085201,0
"980",980,8.612779,9.590787,0.346793,34.22226,31.070176,0
"981",981,12.361313,9.687213,0.339762,34.207386,31.061706,0
"982",982,12.57087,10.015743,0.314479,34.965366,31.084147,0
"983",983,12.419296,10.159116,0.307481,34.943443,31.115243,0
"984",984,12.233614,10.267886,0.305728,34.943611,31.144344,0
"985",985,11.896547,10.308095,0.304805,35.255733,31.20253,0
"986",986,4.897357,10.523223,0.304534,34.962925,31.22358,0
"987",987,4.225576,10.657756,0.304447,34.955597,31.263148,0
"988",988,10.217444,11.381459,0.607986,33.524738,31.658188,0
"989",989,7.686729,11.418161,0.538946,32.998665,31.674424,0
"990",990,10.102338,11.531713,0.451207,33.519573,31.785215,0
"991",991,11.622887,11.646411,0.31413,35.27137,32.031612,0
"992",992,11.554142,11.621673,0.3084,34.288597,32.036569,0
"993",993,11.561883,11.328853,0.304265,34.313976,32.12239,0
"994",994,10.465692,11.216282,0.309545,34.381134,32.136333,0
"995",995,11.227145,10.891821,0.297041,34.513443,32.094184,0
"996",996,10.853024,9.701585,0.346514,34.827724,31.50705,0
"997",997,9.065029,9.518123,0.373431,33.982914,31.410237,0
"998",998,12.856571,9.91863,0.336164,35.010933,31.13366,0
"999",999,12.051639,10.373741,0.321606,35.205437,31.231967,0
"1000",1000,6.528947,11.235383,0.951355,32.4104,31.43935,0
"1001",1001,6.774367,11.272058,0.812002,32.750916,31.533199,0
"1002",1002,9.4551,11.46281,0.518663,33.241867,31.698993,0
"1003",1003,11.009923,11.721229,0.316579,35.271427,32.020841,0
"1004",1004,11.665601,11.679737,0.307245,35.275963,32.056508,0
"1005",1005,11.633579,11.630025,0.302441,34.288486,32.08951,0
"1006",1006,11.619779,11.583284,0.302728,35.271999,32.097366,0
"1007",1007,10.388283,11.527814,0.302222,34.300591,32.124313,0
"1008",1008,10.41846,11.437514,0.306532,34.313332,32.133855,0
"1009",1009,10.512909,11.163781,0.320217,34.464779,32.16596,0
"1010",1010,11.196833,11.085258,0.314621,34.485767,32.160694,0
"1011",1011,11.196833,11.085258,0.314621,34.485767,32.160694,0
"1012",1012,11.267901,11.013218,0.309641,35.216778,32.134471,0
"1013",1013,11.257762,10.89845,0.303537,35.211414,32.118449,0
"1014",1014,11.136286,10.819934,0.299011,35.212158,32.080428,0
"1015",1015,10.542686,10.793571,0.301134,35.209915,32.07223,0
"1016",1016,8.837163,10.620862,0.307606,35.141148,31.998663,0
"1017",1017,8.857017,10.596282,0.30179,35.140713,31.984607,0
"1018",1018,8.926066,10.508043,0.31129,35.133736,31.955159,0
"1019",1019,8.855234,10.317832,0.326814,35.131798,31.855143,0
"1020",1020,8.855234,10.317832,0.326814,35.131798,31.855143,0
"1021",1021,10.439535,10.115205,0.34443,35.129463,31.747689,0
"1022",1022,11.048624,9.67235,0.397419,34.976433,31.509088,0
"1023",1023,11.493149,9.602202,0.416951,34.708538,31.442848,0
"1024",1024,9.578406,9.639185,0.418895,34.257072,31.372119,0
"1025",1025,12.655886,9.766332,0.397127,34.282894,31.281792,0
"1026",1026,12.941581,10.15025,0.359305,35.010551,31.221803,0
"1027",1027,4.258636,10.564553,0.331234,34.955471,31.354572,0
"1028",1028,3.654922,10.81782,0.338473,34.940544,31.372284,0
"1029",1029,3.592486,10.86505,0.338735,34.938713,31.489617,0
"1030",1030,3.592486,10.86505,0.338735,34.938713,31.489617,0
"1031",1031,3.588655,11.135556,0.353366,34.940376,31.611679,0
"1032",1032,3.588655,11.135556,0.353366,34.940376,31.611679,0
"1033",1033,3.588655,11.135556,0.353366,34.940376,31.611679,0
"1034",1034,10.944738,11.237694,0.964849,31.885937,31.478725,0
"1035",1035,10.944738,11.237694,0.964849,31.885937,31.478725,0
"1036",1036,7.295695,11.263718,0.991072,32.418594,31.427751,0
"1037",1037,7.295695,11.263718,0.991072,32.418594,31.427751,0
"1038",1038,7.295695,11.263718,0.991072,32.418594,31.427751,0
"1039",1039,7.280906,11.30785,0.886172,33.019253,31.496399,0
"1040",1040,10.279101,11.412906,0.63403,34.744148,31.60282,0
"1041",1041,7.939437,11.550643,0.477815,33.021034,31.738285,0
"1042",1042,11.008069,11.816541,0.312823,35.149025,32.031477,0
"1043",1043,11.04706,11.809288,0.309312,35.271404,32.050726,0
"1044",1044,11.695238,11.707443,0.305382,35.271999,32.110658,0
"1045",1045,11.560739,11.697226,0.308311,34.315022,32.130184,0
"1046",1046,11.560739,11.697226,0.308311,34.315022,32.130184,0
"1047",1047,10.410507,11.602786,0.318699,34.325245,32.163822,0
"1048",1048,10.452449,11.43721,0.335601,34.352829,32.184746,0
"1049",1049,10.452449,11.43721,0.335601,34.352829,32.184746,0
"1050",1050,10.452477,11.371035,0.340805,34.393871,32.188732,0
"1051",1051,11.255752,11.185944,0.336391,34.485802,32.174459,0
"1052",1052,11.012848,11.113261,0.326575,35.21677,32.15302,0
"1053",1053,10.59777,10.95048,0.324285,35.145798,32.129041,0
"1054",1054,9.824887,10.921398,0.312504,35.140568,32.095065,0
"1055",1055,8.87994,10.802532,0.318481,35.141159,32.060461,0
"1056",1056,9.79147,10.1074,0.371967,35.125805,31.697645,0
"1057",1057,10.79264,10.015905,0.387869,35.183239,31.635464,0
"1058",1058,10.825604,9.941572,0.398019,35.183727,31.618615,0
"1059",1059,10.825604,9.941572,0.398019,35.183727,31.618615,0
"1060",1060,9.747543,9.872063,0.426855,34.273727,31.503934,0
"1061",1061,12.657695,10.054448,0.413727,34.919262,31.356978,0
"1062",1062,10.24815,10.597449,0.364987,35.170612,31.406798,0
"1063",1063,3.658806,10.930179,0.34874,34.941887,31.474448,0
"1064",1064,3.462386,11.1127,0.357581,34.939732,31.493904,0
"1065",1065,3.461961,11.242138,0.373043,34.940479,31.601728,0
"1066",1066,9.313706,11.269804,0.956734,32.25906,31.458254,0
"1067",1067,7.281829,11.374356,0.703436,33.035995,31.570671,0
"1068",1068,7.281829,11.374356,0.703436,33.035995,31.570671,0
"1069",1069,7.579488,11.403289,0.656494,33.035915,31.594059,0
"1070",1070,6.576918,11.458516,0.568466,32.422768,31.656797,0
"1071",1071,6.794532,11.490593,0.516862,32.798126,31.672272,0
"1072",1072,12.033623,11.640004,0.40931,34.587002,31.789101,0
"1073",1073,12.033623,11.640004,0.40931,34.587002,31.789101,0
"1074",1074,11.482358,11.726584,0.394729,35.260361,31.838525,0
"1075",1075,11.070794,11.780066,0.349673,35.272148,31.898835,0
"1076",1076,11.389271,11.869539,0.342191,35.275909,31.946094,0
"1077",1077,11.675825,11.781812,0.310298,34.326366,32.134381,0
"1078",1078,11.624835,11.720422,0.313543,34.32618,32.154286,0
"1079",1079,10.384786,11.697992,0.319006,34.321915,32.15868,0
"1080",1080,11.599762,11.688517,0.321971,34.326454,32.168982,0
"1081",1081,11.599762,11.688517,0.321971,34.326454,32.168982,0
"1082",1082,10.447413,11.458513,0.349007,34.409161,32.207761,0
"1083",1083,10.455946,11.42988,0.348877,34.406624,32.201768,0
"1084",1084,10.980973,11.116377,0.34194,35.216721,32.178535,0
"1085",1085,10.980973,11.116377,0.34194,35.216721,32.178535,0
"1086",1086,8.880544,10.866925,0.333191,35.141163,32.082239,0
"1087",1087,8.147488,10.614418,0.355021,35.00061,31.984768,0
"1088",1088,8.200949,10.578259,0.371403,34.99749,31.974296,0
"1089",1089,9.788044,10.286625,0.383091,35.132481,31.801616,0
"1090",1090,11.255986,9.908744,0.453492,35.135742,31.607105,0
"1091",1091,12.119522,9.970608,0.45409,34.807404,31.602124,0
"1092",1092,12.119522,9.970608,0.45409,34.807404,31.602124,0
"1093",1093,12.773485,10.081698,0.439243,34.399437,31.487511,0
"1094",1094,4.587656,10.656589,0.399024,34.953495,31.514057,0
"1095",1095,3.665091,10.75738,0.393958,34.942677,31.484583,0
"1096",1096,3.464851,11.007822,0.378927,34.940311,31.571204,0
"1097",1097,3.396623,11.56254,0.394638,34.940048,31.8157,0
"1098",1098,10.872829,11.280288,0.933405,32.142288,31.488756,0
"1099",1099,7.059176,11.325058,0.918614,32.374981,31.496284,0
"1100",1100,7.288856,11.407844,0.742037,33.036041,31.517735,0
"1101",1101,6.616945,11.51518,0.569828,32.802708,31.664723,0
"1102",1102,9.419859,11.568441,0.496667,33.277489,31.711683,0
"1103",1103,11.827379,11.657297,0.447209,35.260212,31.768235,0
"1104",1104,11.40934,11.875329,0.33345,35.27346,31.998497,0
"1105",1105,11.362088,11.884283,0.315761,35.276108,32.060366,0
"1106",1106,11.614616,11.856894,0.314064,34.326477,32.11855,0
"1107",1107,11.614616,11.856894,0.314064,34.326477,32.11855,0
"1108",1108,11.691461,11.827971,0.315299,34.326118,32.129908,0
"1109",1109,10.396294,11.728362,0.336326,34.298767,32.181601,0
"1110",1110,10.407804,11.631407,0.347843,34.325062,32.206343,0
"1111",1111,10.488338,11.411655,0.383509,34.43362,32.239955,0
"1112",1112,10.488338,11.411655,0.383509,34.43362,32.239955,0
"1113",1113,10.488338,11.411655,0.383509,34.43362,32.239955,0
"1114",1114,10.928907,11.308009,0.388073,35.226849,32.216438,0
"1115",1115,10.928907,11.308009,0.388073,35.226849,32.216438,0
"1116",1116,10.698692,11.076453,0.381846,35.216785,32.185455,0
"1117",1117,9.871349,10.961116,0.375306,35.145569,32.174526,0
"1118",1118,9.901904,10.934207,0.375482,35.144207,32.133175,0
"1119",1119,9.795179,10.78724,0.377709,35.144142,32.113668,0
"1120",1120,9.766898,10.763848,0.381432,35.141487,32.065431,0
"1121",1121,9.815159,10.700718,0.385292,35.143555,32.067862,0
"1122",1122,9.834727,10.484182,0.399244,35.132271,31.962036,0
"1123",1123,9.834727,10.484182,0.399244,35.132271,31.962036,0
"1124",1124,10.871545,10.190573,0.42493,35.192127,31.795873,0
"1125",1125,10.965281,10.120732,0.452923,35.183098,31.743173,0
"1126",1126,11.333977,10.111438,0.457745,35.181828,31.694328,0
"1127",1127,12.611871,10.329751,0.454603,34.926723,31.648351,0
"1128",1128,5.532974,10.605206,0.435584,34.954292,31.655938,0
"1129",1129,3.665828,10.947908,0.414364,34.942253,31.704557,0
"1130",1130,3.325873,11.774029,0.420374,34.956722,32.015801,0
"1131",1131,3.39392,11.926642,0.440943,34.940002,32.042638,0
"1132",1132,6.568715,11.450414,0.705725,32.81493,31.525588,0
"1133",1133,7.198769,11.537589,0.551502,32.454521,31.64257,0
"1134",1134,7.198769,11.537589,0.551502,32.454521,31.64257,0
"1135",1135,10.063851,11.595716,0.473994,33.543606,31.717986,0
"1136",1136,11.50847,11.72386,0.395093,35.270668,31.837452,0
"1137",1137,11.862821,11.903596,0.328509,34.466999,32.021679,0
"1138",1138,10.354351,11.874394,0.321836,34.192856,32.152103,0
"1139",1139,10.375063,11.817532,0.334103,34.324993,32.180011,0
"1140",1140,10.433268,11.633617,0.374657,34.347206,32.237314,0
"1141",1141,10.471738,11.544329,0.389179,34.419437,32.257859,0
"1142",1142,10.888473,10.946538,0.412293,35.212177,32.173644,0
"1143",1143,10.888473,10.946538,0.412293,35.212177,32.173644,0
"1144",1144,11.134088,10.868245,0.413654,35.211288,32.163138,0
"1145",1145,10.856201,10.79231,0.419061,35.207214,32.113695,0
"1146",1146,10.807343,10.662033,0.425666,35.200985,32.041653,0
"1147",1147,10.785001,10.600383,0.425766,35.201977,32.025573,0
"1148",1148,10.837706,10.585258,0.44613,35.202801,32.022636,0
"1149",1149,11.017636,10.440595,0.444856,35.198406,31.938044,0
"1150",1150,11.113212,10.371588,0.449358,35.197987,31.854497,0
"1151",1151,11.053982,10.345578,0.469304,35.189056,31.797833,0
"1152",1152,10.986534,10.375188,0.476899,35.183903,31.806209,0
"1153",1153,3.53502,11.386322,0.443851,34.941212,31.839428,0
"1154",1154,3.330314,11.737655,0.427306,34.958618,31.904782,0
"1155",1155,3.265503,11.78866,0.42813,34.958393,32.026329,0
"1156",1156,3.330243,11.897854,0.427205,34.958019,32.001093,0
"1157",1157,3.26357,12.035975,0.427914,34.95739,32.026412,0
"1158",1158,3.264131,12.168143,0.44359,34.957058,32.144201,0
"1159",1159,6.634014,11.471214,0.714578,32.451103,31.532174,0
"1160",1160,6.680334,11.538562,0.609687,32.454681,31.585022,0
"1161",1161,9.402757,11.600931,0.509046,33.29253,31.692459,0
"1162",1162,9.402757,11.600931,0.509046,33.29253,31.692459,0
"1163",1163,9.402757,11.600931,0.509046,33.29253,31.692459,0
"1164",1164,10.33149,11.948611,0.330135,34.468117,32.064958,0
"1165",1165,10.306921,11.95284,0.330541,34.456215,32.125834,0
"1166",1166,10.318961,11.948744,0.333473,33.742981,32.153076,0
"1167",1167,10.381981,11.858744,0.355914,34.324097,32.199759,0
"1168",1168,10.381981,11.858744,0.355914,34.324097,32.199759,0
"1169",1169,10.379199,11.732721,0.388962,34.337494,32.239956,0
"1170",1170,10.442581,11.647143,0.400138,34.352791,32.262543,0
"1171",1171,10.550439,11.272798,0.452329,34.560932,32.294386,0
"1172",1172,10.612099,11.132554,0.455346,34.665779,32.277522,0
"1173",1173,10.662122,11.041017,0.456312,34.666447,32.239694,0
"1174",1174,10.62986,10.95645,0.449134,34.141365,32.240887,0
"1175",1175,10.49553,10.918368,0.44787,34.217857,32.235296,0
"1176",1176,8.694372,10.811265,0.451969,33.673637,32.190859,0
"1177",1177,8.777387,10.78308,0.457795,33.675392,32.184054,0
"1178",1178,11.195168,10.498377,0.456682,35.051888,31.968553,0
"1179",1179,6.90295,10.640903,0.483038,34.95459,31.813058,0
"1180",1180,4.612564,10.793816,0.482823,34.94593,31.863283,0
"1181",1181,4.612564,10.793816,0.482823,34.94593,31.863283,0
"1182",1182,3.748086,10.964653,0.479202,34.945129,31.86555,0
"1183",1183,3.264857,11.963199,0.446299,34.958836,32.112179,0
"1184",1184,3.264948,12.119766,0.438451,34.958393,32.103347,0
"1185",1185,3.264948,12.119766,0.438451,34.958393,32.103347,0
"1186",1186,6.921123,11.520884,0.684928,32.466415,31.493077,0
"1187",1187,7.031297,11.606661,0.541714,32.50843,31.663467,0
"1188",1188,10.201123,11.656671,0.447615,33.565056,31.737343,0
"1189",1189,10.323635,11.702325,0.436379,34.594662,31.794584,0
"1190",1190,10.173367,11.868883,0.3516,33.78643,32.195199,0
"1191",1191,10.336049,11.842178,0.360019,34.366043,32.209829,0
"1192",1192,7.578557,11.034138,0.475027,33.090633,32.303087,0
"1193",1193,7.578557,11.034138,0.475027,33.090633,32.303087,0
"1194",1194,7.578557,11.034138,0.475027,33.090633,32.303087,0
"1195",1195,7.562192,10.92135,0.496623,33.13472,32.295207,0
"1196",1196,7.344734,10.8483,0.493387,33.329868,32.269038,0
"1197",1197,10.027144,10.579478,0.48319,34.262592,32.0492,0
"1198",1198,11.112452,10.522617,0.496711,34.37048,31.988951,0
"1199",1199,6.233306,10.829253,0.503722,34.95459,31.929472,0
"1200",1200,3.469354,11.342627,0.507028,34.94286,32.12555,0
"1201",1201,3.401787,11.531763,0.504067,34.942799,32.14488,0
"1202",1202,3.399983,11.58936,0.504971,34.942726,32.121186,0
"1203",1203,3.197299,12.239397,0.479156,34.959282,32.31651,0
"1204",1204,3.197299,12.239397,0.479156,34.959282,32.31651,0
"1205",1205,3.198764,12.390182,0.471952,34.947727,32.359197,0
"1206",1206,3.198536,12.504363,0.473153,34.947727,32.394277,0
"1207",1207,3.196087,12.530943,0.476503,34.946873,32.362282,0
"1208",1208,3.116958,12.627232,0.479591,34.946762,32.445312,0
